acc_x_avg, acc_x_std, acc_y_avg, acc_y_std, acc_z_avg, acc_z_std
0.4195051,0.029923161,6.895744,0.023007592,7.1049514,0.034515273