acc_x_avg, acc_x_std, acc_y_avg, acc_y_std, acc_z_avg, acc_z_std
0.30769652,0.024814392,-0.05300185,0.022999605,9.903505,0.05003362
0.31087965,0.020489607,-0.054188415,0.020624751,9.913885,0.03419141
0.30560353,0.030847628,-0.05504674,0.02967271,9.909814,0.07588696
0.30557743,0.022945246,-0.058651928,0.023278026,9.910021,0.045759253
0.30107588,0.051915895,-0.06405852,0.06896766,9.916662,0.22282849
