acc_x_avg, acc_x_std, acc_y_avg, acc_y_std, acc_z_avg, acc_z_std
0.23669751,0.020905295,9.868063,0.021148643,0.08080165,0.032065824