acc_x_avg, acc_x_std, acc_y_avg, acc_y_std, acc_z_avg, acc_z_std
0.41949317,0.022701394,6.8957467,0.022018107,7.114933,0.032645024
0.42114395,0.020737344,6.8959007,0.02053065,7.1053734,0.032031924
0.42252564,0.02166563,6.896794,0.02077188,7.112764,0.031461656
0.4203814,0.021823691,6.8960648,0.021147572,7.1112275,0.032217685
0.4195051,0.029923161,6.895744,0.023007592,7.1049514,0.034515273
