acc_x_avg, acc_x_std, acc_y_avg, acc_y_std, acc_z_avg, acc_z_std
-9.554225,0.036689624,0.022989346,0.02083969,0.7751609,0.03549269
-9.554869,0.0590825,0.023633387,0.023790317,0.77407295,0.038355827
-9.556784,0.026520116,0.023559885,0.02020945,0.764942,0.032475345
-9.556946,0.034420963,0.023374572,0.020133905,0.76480263,0.033041958
-9.554486,0.024939863,0.023315916,0.020291792,0.77193046,0.032720212
