acc_x_avg, acc_x_std, acc_y_avg, acc_y_std, acc_z_avg, acc_z_std
10.075666,0.030963952,0.31340793,0.022972131,-0.07085255,0.03864402