acc_x_avg, acc_x_std, acc_y_avg, acc_y_std, acc_z_avg, acc_z_std
0.30107588,0.051915895,-0.06405852,0.06896766,9.916662,0.22282849