acc_x_avg, acc_x_std, acc_y_avg, acc_y_std, acc_z_avg, acc_z_std
10.074333,0.022404028,0.31351712,0.021016667,-0.053787395,0.033477467
10.076571,0.023329647,0.31540543,0.020528296,-0.05558712,0.034121126
10.078374,0.021825405,0.31585914,0.020490788,-0.060448304,0.032819707
10.077553,0.0240861,0.3169269,0.021082042,-0.062286336,0.033876713
10.075666,0.030963952,0.31340793,0.022972131,-0.07085255,0.03864402
