acc_x_avg, acc_x_std, acc_y_avg, acc_y_std, acc_z_avg, acc_z_std
0.23521933,0.025762012,9.870283,0.03421672,0.08159342,0.037249718
0.23428032,0.020917669,9.869678,0.02125071,0.08177322,0.032250628
0.2343799,0.020420926,9.867674,0.021512916,0.07451184,0.031693727
0.23532468,0.020601088,9.866858,0.020255268,0.07507447,0.031685106
0.23669751,0.020905295,9.868063,0.021148643,0.08080165,0.032065824
