acc_x_avg, acc_x_std, acc_y_avg, acc_y_std, acc_z_avg, acc_z_std
-9.554486,0.024939863,0.023315916,0.020291792,0.77193046,0.032720212